,filename,label,new_fname
0,03XcxtK_['W']_['W']_['W']_['W']_['W']_['W'].png,['W'],03XcxtK_['W']_['W']_['W']_['W']_['W']_['W']_['W'].png
1,0jcWcdS_['W']_['W']_['W']_['W']_['W']_['W'].png,['W'],0jcWcdS_['W']_['W']_['W']_['W']_['W']_['W']_['W'].png
2,10000000 - Falibor_['W']_['W']_['W']_['W']_['W']_['W'].png,['W'],10000000 - Falibor_['W']_['W']_['W']_['W']_['W']_['W']_['W'].png
3,10010000 - Ruehin_['W']_['W']_['W']_['W']_['W']_['W'].png,['W'],10010000 - Ruehin_['W']_['W']_['W']_['W']_['W']_['W']_['W'].png
4,10020000 - Arachas Venom (0_['W']_['W']_['W']_['W']_['W']_['W'].png,['W'],10020000 - Arachas Venom (0_['W']_['W']_['W']_['W']_['W']_['W']_['W'].png
5,10020000 - Arachas Venom_['W']_['W']_['W']_['W']_['W']_['W'].png,['W'],10020000 - Arachas Venom_['W']_['W']_['W']_['W']_['W']_['W']_['W'].png
6,10030000 - Milaen_['W']_['W']_['W']_['W']_['W']_['W'].png,['W'],10030000 - Milaen_['W']_['W']_['W']_['W']_['W']_['W']_['W'].png
7,10040000 - Derran_['W']_['W']_['W']_['W']_['W']_['W'].png,['W'],10040000 - Derran_['W']_['W']_['W']_['W']_['W']_['W']_['W'].png
8,10050000 - Reconnaissance_['W']_['W']_['W']_['W']_['W']_['W'].png,['W'],10050000 - Reconnaissance_['W']_['W']_['W']_['W']_['W']_['W']_['W'].png
9,10060000 - Tactical Advantage_['W']_['W']_['W']_['W']_['W']_['W'].png,['W'],10060000 - Tactical Advantage_['W']_['W']_['W']_['W']_['W']_['W']_['W'].png
10,10070000 - Ciri_[]_[]_[]_[]_[]_[].png,[],10070000 - Ciri_[]_[]_[]_[]_[]_[]_[].png
11,"10080000 - Geralt Igni_['W', 'R']_['W', 'R']_['W', 'R']_['W', 'R']_['W', 'R']_['W', 'R'].png","['W', 'R']","10080000 - Geralt Igni_['W', 'R']_['W', 'R']_['W', 'R']_['W', 'R']_['W', 'R']_['W', 'R']_['W', 'R'].png"
12,10090000 - Geralt of Rivia_['W']_['W']_['W']_['W']_['W']_['W'].png,['W'],10090000 - Geralt of Rivia_['W']_['W']_['W']_['W']_['W']_['W']_['W'].png
13,10100000 - Regis WIP (0_['W']_['W']_['W']_['W']_['W']_['W'].png,['W'],10100000 - Regis WIP (0_['W']_['W']_['W']_['W']_['W']_['W']_['W'].png
14,10100000 - Regis_['W']_['W']_['W']_['W']_['W']_['W'].png,['W'],10100000 - Regis_['W']_['W']_['W']_['W']_['W']_['W']_['W'].png
15,10110000 - Regis Higher Vampire_['W']_['W']_['W']_['W']_['W']_['W'].png,['W'],10110000 - Regis Higher Vampire_['W']_['W']_['W']_['W']_['W']_['W']_['W'].png
16,10120000 - Triss Merigold_['W']_['W']_['W']_['W']_['W']_['W'].png,['W'],10120000 - Triss Merigold_['W']_['W']_['W']_['W']_['W']_['W']_['W'].png
17,10130000 - Villentretenmerth_['W']_['W']_['W']_['W']_['W']_['W'].png,['W'],10130000 - Villentretenmerth_['W']_['W']_['W']_['W']_['W']_['W']_['W'].png
18,10140000 - Yennefer_['W']_['W']_['W']_['W']_['W']_['W'].png,['W'],10140000 - Yennefer_['W']_['W']_['W']_['W']_['W']_['W']_['W'].png
19,10150000 - Zoltan Scoundrel_['W']_['W']_['W']_['W']_['W']_['W'].png,['W'],10150000 - Zoltan Scoundrel_['W']_['W']_['W']_['W']_['W']_['W']_['W'].png
20,10160000 - Ciri Dash_['W']_['W']_['W']_['W']_['W']_['W'].png,['W'],10160000 - Ciri Dash_['W']_['W']_['W']_['W']_['W']_['W']_['W'].png
21,10170000 - Geralt Aard_['W']_['W']_['W']_['W']_['W']_['W'].png,['W'],10170000 - Geralt Aard_['W']_['W']_['W']_['W']_['W']_['W']_['W'].png
22,10180000 - Sage_['W']_['W']_['W']_['W']_['W']_['W'].png,['W'],10180000 - Sage_['W']_['W']_['W']_['W']_['W']_['W']_['W'].png
23,10190000 - Yennefer Conjurer_['W']_['W']_['W']_['W']_['W']_['W'].png,['W'],10190000 - Yennefer Conjurer_['W']_['W']_['W']_['W']_['W']_['W']_['W'].png
24,10200000 - Dudu_['W']_['W']_['W']_['W']_['W']_['W'].png,['W'],10200000 - Dudu_['W']_['W']_['W']_['W']_['W']_['W']_['W'].png
25,10210000 - School of the Wolf Eskel_['W']_['W']_['W']_['W']_['W']_['W'].png,['W'],10210000 - School of the Wolf Eskel_['W']_['W']_['W']_['W']_['W']_['W']_['W'].png
26,10220000 - School of the Wolf Vesemir_['W']_['W']_['W']_['W']_['W']_['W'].png,['W'],10220000 - School of the Wolf Vesemir_['W']_['W']_['W']_['W']_['W']_['W']_['W'].png
27,10230000 - School of the Wolf Lambert_['W']_['W']_['W']_['W']_['W']_['W'].png,['W'],10230000 - School of the Wolf Lambert_['W']_['W']_['W']_['W']_['W']_['W']_['W'].png
28,10240000 - Myrgtabrakke_['W']_['W']_['W']_['W']_['W']_['W'].png,['W'],10240000 - Myrgtabrakke_['W']_['W']_['W']_['W']_['W']_['W']_['W'].png
29,10250000 - Ocvist_['W']_['W']_['W']_['W']_['W']_['W'].png,['W'],10250000 - Ocvist_['W']_['W']_['W']_['W']_['W']_['W']_['W'].png
30,10260000 - Olgierd von Everec_['W'].png,['W'],10260000 - Olgierd von Everec_['W']_['W'].png
31,10270000 - Operator (0_['W'].png,['W'],10270000 - Operator (0_['W']_['W'].png
32,"10270000 - Operator_['W', 'R'].png","['W', 'R']","10270000 - Operator_['W', 'R']_['W', 'R'].png"
33,10280000 - Prize-Winning Cow_['W'].png,['W'],10280000 - Prize-Winning Cow_['W']_['W'].png
34,10290000 - Roach_['W'].png,['W'],10290000 - Roach_['W']_['W'].png
35,10300000 - Johnny_['W'].png,['W'],10300000 - Johnny_['W']_['W'].png
36,10310000 - Sarah_[].png,[],10310000 - Sarah_[]_[].png
37,10320000 - King of Beggars_['W'].png,['W'],10320000 - King of Beggars_['W']_['W'].png
38,10330000 - Cyprian Wiley_['W'].png,['W'],10330000 - Cyprian Wiley_['W']_['W'].png
39,10340000 - Iris von Everec_['W'].png,['W'],10340000 - Iris von Everec_['W']_['W'].png
40,10350000 - Unicorn (0_['W'].png,['W'],10350000 - Unicorn (0_['W']_['W'].png
41,10350000 - Unicorn_['W'].png,['W'],10350000 - Unicorn_['W']_['W'].png
42,10360000 - Chironex_['W'].png,['W'],10360000 - Chironex_['W']_['W'].png
43,"10370000 - Field Marshal Duda Companion (0_['W', 'R'].png","['W', 'R']","10370000 - Field Marshal Duda Companion (0_['W', 'R']_['W', 'R'].png"
44,10370000 - Field Marshal Duda Companion_['W'].png,['W'],10370000 - Field Marshal Duda Companion_['W']_['W'].png
45,10380000 - Field Marshal Duda Agitator_[].png,[],10380000 - Field Marshal Duda Agitator_[]_[].png
46,10390000 - Fiend_['W'].png,['W'],10390000 - Fiend_['W']_['W'].png
47,10400000 - Ragh Nar Roog_['W'].png,['W'],10400000 - Ragh Nar Roog_['W']_['W'].png
48,10410000 - The Last Wish_[].png,[],10410000 - The Last Wish_[]_[].png
49,10420000 - Decoy_['W'].png,['W'],10420000 - Decoy_['W']_['W'].png
50,"10430000 - Merigold_s Hailstorm (0_['W', 'U'].png","['W', 'U']","10430000 - Merigold_s Hailstorm (0_['W', 'U']_['W', 'U'].png"
51,10430000 - Merigold_s Hailstorm_['W'].png,['W'],10430000 - Merigold_s Hailstorm_['W']_['W'].png
52,10440000 - Skellige Storm_['W'].png,['W'],10440000 - Skellige Storm_['W']_['W'].png
53,10450000 - Stammelford_s Tremor_['W'].png,['W'],10450000 - Stammelford_s Tremor_['W']_['W'].png
54,10460000 - Dimeritium Bomb (0_['G'].png,['G'],10460000 - Dimeritium Bomb (0_['G']_['G'].png
55,10460000 - Dimeritium Bomb_['G'].png,['G'],10460000 - Dimeritium Bomb_['G']_['G'].png
56,10460000 - Dispell Magic (0_[].png,[],10460000 - Dispell Magic (0_[]_[].png
57,10470000 - White Frost_['W'].png,['W'],10470000 - White Frost_['W']_['W'].png
58,10480000 - Commander_s Horn_[].png,[],10480000 - Commander_s Horn_[]_[].png
59,10490000 - Vaedermakar (Aeromancer) (0_[].png,[],10490000 - Vaedermakar (Aeromancer) (0_[]_[].png
60,10490000 - Vaedermakar (Aeromancer)_[].png,[],10490000 - Vaedermakar (Aeromancer)_[]_[].png
61,10500000 - Alzur_s Double-Cross_['W'].png,['W'],10500000 - Alzur_s Double-Cross_['W']_['W'].png
62,10510000 - Alzur_s Thunder_['W'].png,['W'],10510000 - Alzur_s Thunder_['W']_['W'].png
63,10520000 - Biting Frost_['W'].png,['W'],10520000 - Biting Frost_['W']_['W'].png
64,10530000 - First Light_['W'].png,['W'],10530000 - First Light_['W']_['W'].png
65,10540000 - Impenetrable Fog_['W'].png,['W'],10540000 - Impenetrable Fog_['W']_['W'].png
66,10550000 - Manticore Venom_['G'].png,['G'],10550000 - Manticore Venom_['G']_['G'].png
67,10560000 - Adrenaline Rush_['W'].png,['W'],10560000 - Adrenaline Rush_['W']_['W'].png
68,10570000 - Epidemic (0_[].png,[],10570000 - Epidemic (0_[]_[].png
69,10570000 - Epidemic (Alpha PreRelease)_[].png,[],10570000 - Epidemic (Alpha PreRelease)_[]_[].png
70,10570000 - Epidemic_['W'].png,['W'],10570000 - Epidemic_['W']_['W'].png
71,"10580000 - Scorch_['W', 'R'].png","['W', 'R']","10580000 - Scorch_['W', 'R']_['W', 'R'].png"
72,"10590000 - Swallow_['W', 'R'].png","['W', 'R']","10590000 - Swallow_['W', 'R']_['W', 'R'].png"
73,10600000 - Thunderbolt_[].png,[],10600000 - Thunderbolt_[]_[].png
74,10610000 - Torrential Rain_['W'].png,['W'],10610000 - Torrential Rain_['W']_['W'].png
75,10620000 - Clan An Craite Warcrier_['W'].png,['W'],10620000 - Clan An Craite Warcrier_['W']_['W'].png
76,10630000 - Bekker_s Dark Mirror (Bekker_s Twisted Mirror)_['W'].png,['W'],10630000 - Bekker_s Dark Mirror (Bekker_s Twisted Mirror)_['W']_['W'].png
77,10640000 - Renew_['W'].png,['W'],10640000 - Renew_['W']_['W'].png
78,10650000 - Dimeritium Shackles_['W'].png,['W'],10650000 - Dimeritium Shackles_['W']_['W'].png
79,10660000 - Petri_s Philter_['W'].png,['W'],10660000 - Petri_s Philter_['W']_['W'].png
80,10670000 - Reconnaissance_['W'].png,['W'],10670000 - Reconnaissance_['W']_['W'].png
81,10680000 - Mardroeme_['W'].png,['W'],10680000 - Mardroeme_['W']_['W'].png
82,10690000 - Toxicant (Spores)_['W'].png,['W'],10690000 - Toxicant (Spores)_['W']_['W'].png
83,10700000 - King Foltest_['W'].png,['W'],10700000 - King Foltest_['W']_['W'].png
84,10710000 - King Radovid V_['W'].png,['W'],10710000 - King Radovid V_['W']_['W'].png
85,10720000 - King Henselt_['W'].png,['W'],10720000 - King Henselt_['W']_['W'].png
86,10730000 - Bloody Baron_['W'].png,['W'],10730000 - Bloody Baron_['W']_['W'].png
87,10740000 - Vernon Roche_['W'].png,['W'],10740000 - Vernon Roche_['W']_['W'].png
88,10750000 - John Natalis_['W'].png,['W'],10750000 - John Natalis_['W']_['W'].png
89,10760000 - Philippa Eilhart (0_['W'].png,['W'],10760000 - Philippa Eilhart (0_['W']_['W'].png
90,10760000 - Philippa Eilhart_[].png,[],10760000 - Philippa Eilhart_[]_[].png
91,10770000 - Sigismund Dijkstra_['W'].png,['W'],10770000 - Sigismund Dijkstra_['W']_['W'].png
92,10780000 - Shani_['W'].png,['W'],10780000 - Shani_['W']_['W'].png
93,10790000 - Triss Butterflies (Butterfly Spell)_[].png,[],10790000 - Triss Butterflies (Butterfly Spell)_[]_[].png
94,10800000 - Keira Metz (0_['W'].png,['W'],10800000 - Keira Metz (0_['W']_['W'].png
95,10800000 - Keira Metz_[].png,[],10800000 - Keira Metz_[]_[].png
96,10810000 - Dandelion (0.8.13).png,['W'],10810000 - Dandelion (0_['W'].png
97,10810000 - Dandelion.png,[],10810000 - Dandelion_[].png
98,10820000 - Priscilla.png,"['W', 'R']","10820000 - Priscilla_['W', 'R'].png"
99,10830000 - Thaler.png,['W'],10830000 - Thaler_['W'].png
100,10840000 - Ves.png,['W'],10840000 - Ves_['W'].png
101,10850000 - Síle de Tansarville.png,['W'],10850000 - Síle de Tansarville_['W'].png
102,10860000 - Sabrina Glevissig.png,"['W', 'R']","10860000 - Sabrina Glevissig_['W', 'R'].png"
103,10870000 - Dethmold.png,['W'],10870000 - Dethmold_['W'].png
104,10880000 - Prince Stennis (0.8.13).png,['W'],10880000 - Prince Stennis (0_['W'].png
105,10880000 - Prince Stennis.png,['W'],10880000 - Prince Stennis_['W'].png
106,10890000 - Trollololo.png,['W'],10890000 - Trollololo_['W'].png
107,10900000 - Princess Pavetta.png,['W'],10900000 - Princess Pavetta_['W'].png
108,10910000 - Margarita laux Antille (Margarita of Aretuza).png,['W'],10910000 - Margarita laux Antille (Margarita of Aretuza)_['W'].png
109,10920000 - Nenneke (0.8.13).png,['W'],10920000 - Nenneke (0_['W'].png
110,10920000 - Nenneke.png,['W'],10920000 - Nenneke_['W'].png
111,10930000 - Odrin (0.8.13).png,['W'],10930000 - Odrin (0_['W'].png
112,10930000 - Odrin.png,['W'],10930000 - Odrin_['W'].png
113,10940000 - Kaedweni Sergeant.png,['W'],10940000 - Kaedweni Sergeant_['W'].png
114,10950000 - Cleaver.png,['W'],10950000 - Cleaver_['W'].png
115,10960000 - Ballista.png,['W'],10960000 - Ballista_['W'].png
116,10970000 - Reinforced Ballista.png,['W'],10970000 - Reinforced Ballista_['W'].png
117,10980000 - Trebuchet.png,[],10980000 - Trebuchet_[].png
118,10990000 - Reinforced Siege Tower.png,['W'],10990000 - Reinforced Siege Tower_['W'].png
119,11000000 - Left Flanking Infantry.png,['W'],11000000 - Left Flanking Infantry_['W'].png
120,11010000 - Poor Fucking Infantry WIP (0.8.13).png,['W'],11010000 - Poor Fucking Infantry WIP (0_['W'].png
121,11010000 - Poor F_ing Infantry.png,['W'],11010000 - Poor F_ing Infantry_['W'].png
122,11020000 - Right Flanking Infantry (0.8.13).png,['W'],11020000 - Right Flanking Infantry (0_['W'].png
123,11020000 - Right Flanking Infantry.png,['W'],11020000 - Right Flanking Infantry_['W'].png
124,11030000 - Reaver Hunter (0.8.13).png,['W'],11030000 - Reaver Hunter (0_['W'].png
125,11030000 - Reaver Hunter v1.png,['W'],11030000 - Reaver Hunter v1_['W'].png
126,11040000 - Reaver Hunter v2.png,['W'],11040000 - Reaver Hunter v2_['W'].png
127,11050000 - Reaver Hunter v3.png,['W'],11050000 - Reaver Hunter v3_['W'].png
128,11060000 - Reaver Scout (0.8.13).png,['W'],11060000 - Reaver Scout (0_['W'].png
129,11060000 - Reaver Scout WIP (0.8.13).png,['W'],11060000 - Reaver Scout WIP (0_['W'].png
130,11060000 - Reaver Scout.png,['W'],11060000 - Reaver Scout_['W'].png
131,11070000 - Redanian Knight.png,['W'],11070000 - Redanian Knight_['W'].png
132,11080000 - Kaedweni Siege Support (0.8.13).png,['W'],11080000 - Kaedweni Siege Support (0_['W'].png
133,11080000 - Kaedweni Siege Support.png,['W'],11080000 - Kaedweni Siege Support_['W'].png
134,11090000 - Blue Stripe Scout (0.8.13).png,['W'],11090000 - Blue Stripe Scout (0_['W'].png
135,11090000 - Blue Stripe Scout.png,['W'],11090000 - Blue Stripe Scout_['W'].png
136,11100000 - Blue Stripe Commando v1.png,['W'],11100000 - Blue Stripe Commando v1_['W'].png
137,11110000 - Blue Stripe Commando v2.png,['W'],11110000 - Blue Stripe Commando v2_['W'].png
138,11120000 - Blue Stripe Commando v3.png,['W'],11120000 - Blue Stripe Commando v3_['W'].png
139,11130000 - Field Medic 1 (0.8.13).png,['W'],11130000 - Field Medic 1 (0_['W'].png
140,11130000 - Field Medic 2 (0.8.13).png,['W'],11130000 - Field Medic 2 (0_['W'].png
141,11130000 - Field Medic.png,['W'],11130000 - Field Medic_['W'].png
142,11140000 - Dun Banner Light Cavalry.png,['W'],11140000 - Dun Banner Light Cavalry_['W'].png
143,11150000 - Kaedweni Cavalry (Dun Banner Heavy Cavalry) (0.8.13).png,['W'],11150000 - Kaedweni Cavalry (Dun Banner Heavy Cavalry) (0_['W'].png
144,11150000 - Kaedweni Cavalry (Dun Banner Heavy Cavalry).png,['W'],11150000 - Kaedweni Cavalry (Dun Banner Heavy Cavalry)_['W'].png
145,11160000 - Reinforced Trebuchet.png,['W'],11160000 - Reinforced Trebuchet_['W'].png
146,11170000 - Temerian Infantryman v1 (0.8.13).png,['W'],11170000 - Temerian Infantryman v1 (0_['W'].png
147,11170000 - Temerian Infantryman v1.png,['W'],11170000 - Temerian Infantryman v1_['W'].png
148,11180000 - Temerian Infantryman v2.1 (0.8.13).png,['W'],11180000 - Temerian Infantryman v2_['W'].png
149,11180000 - Temerian Infantryman v2.png,['W'],11180000 - Temerian Infantryman v2_['W'].png
150,11190000 - Temerian Infantryman v3.png,['W'],11190000 - Temerian Infantryman v3_['W'].png
151,11200000 - Redanian Elite.png,[],11200000 - Redanian Elite_[].png
152,11210000 - Kaedweni Siege Master.png,['W'],11210000 - Kaedweni Siege Master_['W'].png
153,11220000 - Botchling (0.8.13).png,['W'],11220000 - Botchling (0_['W'].png
154,11220000 - Botchling.png,['R'],11220000 - Botchling_['R'].png
155,11230000 - Lubberkin.png,['U'],11230000 - Lubberkin_['U'].png
156,11240000 - Vicovaro Novice.png,['G'],11240000 - Vicovaro Novice_['G'].png
157,11250000 - Reinforcements.png,['W'],11250000 - Reinforcements_['W'].png
158,11260000 - Redanian Knight Elect.png,['W'],11260000 - Redanian Knight Elect_['W'].png
159,11270000 - Eredin Bréacc Glas Leader (0.8.13).png,['W'],11270000 - Eredin Bréacc Glas Leader (0_['W'].png
160,11270000 - Eredin Bréacc Glas Unit (Hero Placeholder) (0.8.13).png,['W'],11270000 - Eredin Bréacc Glas Unit (Hero Placeholder) (0_['W'].png
161,11270000 - Eredin Bréacc Glas.png,['U'],11270000 - Eredin Bréacc Glas_['U'].png
162,11280000 - Ge_els.png,['W'],11280000 - Ge_els_['W'].png
163,11290000 - Dagon.png,['W'],11290000 - Dagon_['W'].png
164,11300000 - Draug.png,['W'],11300000 - Draug_['W'].png
165,11310000 - Imlerith.png,['W'],11310000 - Imlerith_['W'].png
166,11320000 - Woodland Spirit.png,['W'],11320000 - Woodland Spirit_['W'].png
167,11330000 - Caranthir Ar-Feiniel.png,['W'],11330000 - Caranthir Ar-Feiniel_['W'].png
168,11340000 - Avallac_h.png,['W'],11340000 - Avallac_h_['W'].png
169,11350000 - Caretaker.png,['W'],11350000 - Caretaker_['W'].png
170,11360000 - Kayran.png,['W'],11360000 - Kayran_['W'].png
171,11370000 - Miruna (Succubus) (0.8.13).png,['W'],11370000 - Miruna (Succubus) (0_['W'].png
172,11370000 - Miruna (Succubus).png,['W'],11370000 - Miruna (Succubus)_['W'].png
173,11380000 - Arachas Behemoth (0.9.19.3).png,['W'],11380000 - Arachas Behemoth (0_['W'].png
174,11380000 - Arachas Behemoth.png,['W'],11380000 - Arachas Behemoth_['W'].png
175,11390000 - Mourntart.png,['W'],11390000 - Mourntart_['W'].png
176,11400000 - Abaya.png,['W'],11400000 - Abaya_['W'].png
177,11410000 - Frightener.png,['W'],11410000 - Frightener_['W'].png
178,11420000 - Morvudd.png,['W'],11420000 - Morvudd_['W'].png
179,11430000 - Crone Whispess.png,['W'],11430000 - Crone Whispess_['W'].png
180,11440000 - Crone Brewess.png,['W'],11440000 - Crone Brewess_['W'].png
181,11450000 - Crone Weavess.png,['W'],11450000 - Crone Weavess_['W'].png
182,11460000 - Imperial Manticore.png,"['W', 'R']","11460000 - Imperial Manticore_['W', 'R'].png"
183,11470000 - Ifrit.png,['W'],11470000 - Ifrit_['W'].png
184,11480000 - Nekker Warrior.png,"['W', 'R']","11480000 - Nekker Warrior_['W', 'R'].png"
185,11490000 - Ice Giant.png,['W'],11490000 - Ice Giant_['W'].png
186,11500000 - D_ao (Earth Elemental).png,['W'],11500000 - D_ao (Earth Elemental)_['W'].png
187,11510000 - Nithral.png,[],11510000 - Nithral_[].png
188,11520000 - Gaunter O_Dimm.png,"['W', 'R']","11520000 - Gaunter O_Dimm_['W', 'R'].png"
189,11530000 - Toad Prince.png,['W'],11530000 - Toad Prince_['W'].png
190,11540000 - Celaeno Harpy.png,['W'],11540000 - Celaeno Harpy_['W'].png
191,11550000 - Old Speartip Asleep.png,['W'],11550000 - Old Speartip Asleep_['W'].png
192,11560000 - Mahakam Guard.png,['W'],11560000 - Mahakam Guard_['W'].png
193,11560000 - Shaelmaar.png,['W'],11560000 - Shaelmaar_['W'].png
194,11570000 -Katakan (Nekurat).png,['W'],11570000 -Katakan (Nekurat)_['W'].png
195,11580000 - Foglet.png,['W'],11580000 - Foglet_['W'].png
196,11590000 - Ancient Foglet.png,['W'],11590000 - Ancient Foglet_['W'].png
197,11600000 - Wyvern.png,['W'],11600000 - Wyvern_['W'].png
198,11610000 - Arachas Drone.png,['W'],11610000 - Arachas Drone_['W'].png
199,11620000 - Nekker v1 (0.8.13).png,['W'],11620000 - Nekker v1 (0_['W'].png
200,11620000 - Nekker v2.png,['W'],11620000 - Nekker v2_['W'].png
201,11620000 - Nekker v3.png,['W'],11620000 - Nekker v3_['W'].png
202,11620000 - Nekker.png,['W'],11620000 - Nekker_['W'].png
203,11630000 - Ghoul.png,['W'],11630000 - Ghoul_['W'].png
204,11640000 - Archgriffin.png,['W'],11640000 - Archgriffin_['W'].png
205,11650000 - Vran Warrior.png,['W'],11650000 - Vran Warrior_['W'].png
206,11660000 - Wild Hunt Warrior.png,['W'],11660000 - Wild Hunt Warrior_['W'].png
207,11670000 - Wild Hunt Rider v1.png,['W'],11670000 - Wild Hunt Rider v1_['W'].png
208,11680000 - Wild Hunt Rider v2.png,['W'],11680000 - Wild Hunt Rider v2_['W'].png
209,11690000 - Wild Hunt Rider v3.png,['W'],11690000 - Wild Hunt Rider v3_['W'].png
210,11700000 - Griffin (0.8.13).png,['W'],11700000 - Griffin (0_['W'].png
211,11700000 - Griffin.png,['W'],11700000 - Griffin_['W'].png
212,11710000 - Ekimmara.png,['W'],11710000 - Ekimmara_['W'].png
213,11720000 - Drowner.png,['W'],11720000 - Drowner_['W'].png
214,11730000 - Harpy.png,['W'],11730000 - Harpy_['W'].png
215,11740000 - Harpy Egg.png,['W'],11740000 - Harpy Egg_['W'].png
216,11750000 - Wild Hunt Hound.png,['W'],11750000 - Wild Hunt Hound_['W'].png
217,11760000 - Rabid Wolf.png,[],11760000 - Rabid Wolf_[].png
218,11770000 - Draugir.png,['W'],11770000 - Draugir_['W'].png
219,11780000 - Lesser D_ao.png,['W'],11780000 - Lesser D_ao_['W'].png
220,11790000 - Maerolorn (Shadow).png,"['W', 'R']","11790000 - Maerolorn (Shadow)_['W', 'R'].png"
221,11800000 - Imperial Golem (0.8.13).png,['W'],11800000 - Imperial Golem (0_['W'].png
222,11800000 - Imperial Golem (Temporary) (0.8.13).png,['G'],11800000 - Imperial Golem (Temporary) (0_['G'].png
223,11800000 - Imperial Golem.png,['W'],11800000 - Imperial Golem_['W'].png
224,11810000 - Old Speartip Awake.png,[],11810000 - Old Speartip Awake_[].png
225,11820000 - Lamia v1.png,['W'],11820000 - Lamia v1_['W'].png
226,11820000 - Lamia v2.png,['W'],11820000 - Lamia v2_['W'].png
227,11830000 - Lamia v3.png,['W'],11830000 - Lamia v3_['W'].png
228,11840000 - Monster Nest.png,['W'],11840000 - Monster Nest_['W'].png
229,11850000 - Francesca Findabair (0.8.13).png,['W'],11850000 - Francesca Findabair (0_['W'].png
230,11850000 - Francesca Findabair.png,[],11850000 - Francesca Findabair_[].png
231,11860000 - Eithné.png,[],11860000 - Eithné_[].png
232,11870000 - Brouver Hoog.png,['W'],11870000 - Brouver Hoog_['W'].png
233,11880000 - Saesenthessis.png,['W'],11880000 - Saesenthessis_['W'].png
234,11890000 - Isengrim Faoiltiarna (0.8.13).png,['W'],11890000 - Isengrim Faoiltiarna (0_['W'].png
235,11890000 - Isengrim Faoiltiarna.png,['W'],11890000 - Isengrim Faoiltiarna_['W'].png
236,11900000 - Iorveth (0.8.13).png,[],11900000 - Iorveth (0_[].png
237,11900000 - Iorveth.png,['W'],11900000 - Iorveth_['W'].png
238,11910000 - Milva (0.8.13).png,['W'],11910000 - Milva (0_['W'].png
239,11910000 - Milva.png,['W'],11910000 - Milva_['W'].png
240,11920000 - Zoltan Chivay.png,['W'],11920000 - Zoltan Chivay_['W'].png
241,11930000 - Aglais (0.8.13).png,['W'],11930000 - Aglais (0_['W'].png
242,11930000 - Aglais.png,['W'],11930000 - Aglais_['W'].png
243,11940000 - Ithlinne Aegli.png,['W'],11940000 - Ithlinne Aegli_['W'].png
244,11950000 - Schirrú.png,['W'],11950000 - Schirrú_['W'].png
245,11960000 - Dennis Cranmer.png,['W'],11960000 - Dennis Cranmer_['W'].png
246,11970000 - Ida Emean aep Sivney (0.8.13).png,['W'],11970000 - Ida Emean aep Sivney (0_['W'].png
247,11970000 - Ida Emean aep Sivney.png,['W'],11970000 - Ida Emean aep Sivney_['W'].png
248,11980000 - Yaevinn (0.8.13).png,['W'],11980000 - Yaevinn (0_['W'].png
249,11980000 - Yaevinn.png,['W'],11980000 - Yaevinn_['W'].png
250,11990000 - Toruviel (0.8.13).png,['W'],11990000 - Toruviel (0_['W'].png
251,11990000 - Toruviel.png,['W'],11990000 - Toruviel_['W'].png
252,12000000 - Vrihedd Dragoon.png,['W'],12000000 - Vrihedd Dragoon_['W'].png
253,12010000 - Ciaran aep Easnillen (0.8.13).png,['W'],12010000 - Ciaran aep Easnillen (0_['W'].png
254,12010000 - Ciaran aep Easnillen.png,['W'],12010000 - Ciaran aep Easnillen_['W'].png
255,12020000 - Barclay Els.png,['W'],12020000 - Barclay Els_['W'].png
256,12030000 - Morenn.png,[],12030000 - Morenn_[].png
257,12040000 - Braenn.png,['W'],12040000 - Braenn_['W'].png
258,12050000 - Malena (0.8.13).png,['W'],12050000 - Malena (0_['W'].png
259,12050000 - Malena.png,['W'],12050000 - Malena_['W'].png
260,12060000 - Aelirenn (0.8.13).png,['W'],12060000 - Aelirenn (0_['W'].png
261,12060000 - Aelirenn.png,['W'],12060000 - Aelirenn_['W'].png
262,12070000 - Sheldon Skaggs.png,['W'],12070000 - Sheldon Skaggs_['W'].png
263,12080000 - Yarpen Zigrin (0.8.13).png,['W'],12080000 - Yarpen Zigrin (0_['W'].png
264,12080000 - Yarpen Zigrin.png,['W'],12080000 - Yarpen Zigrin_['W'].png
265,12090000 - Ele_yas (0.8.13).png,['W'],12090000 - Ele_yas (0_['W'].png
266,12090000 - Ele_yas.png,"['W', 'R']","12090000 - Ele_yas_['W', 'R'].png"
267,12100000 - Hawker Healer.png,['W'],12100000 - Hawker Healer_['W'].png
268,12110000 - Vrihedd Brigade (0.8.13).png,['W'],12110000 - Vrihedd Brigade (0_['W'].png
269,12110000 - Vrihedd Brigade.png,['W'],12110000 - Vrihedd Brigade_['W'].png
270,12120000 - Vrihedd Officer.png,['W'],12120000 - Vrihedd Officer_['W'].png
271,12130000 - Dol Blathanna Bomber (Dol Blathanna Trapper).png,['W'],12130000 - Dol Blathanna Bomber (Dol Blathanna Trapper)_['W'].png
272,12130000 - Dol Blathanna Trapper  (Dol Blathanna Trapper) (0.8.13).png,['W'],12130000 - Dol Blathanna Trapper  (Dol Blathanna Trapper) (0_['W'].png
273,12140000 - Dwarven Skirmisher.png,['W'],12140000 - Dwarven Skirmisher_['W'].png
274,12150000 - Mahakam Defender.png,['W'],12150000 - Mahakam Defender_['W'].png
275,12160000 - Vrihedd Sappers.png,[],12160000 - Vrihedd Sappers_[].png
276,12170000 - Elven Mercenary.png,['W'],12170000 - Elven Mercenary_['W'].png
277,12180000 - Vrihedd Vanguard.png,"['W', 'R']","12180000 - Vrihedd Vanguard_['W', 'R'].png"
278,12190000 - Dol Blathanna Archer (0.8.13).png,['W'],12190000 - Dol Blathanna Archer (0_['W'].png
279,12190000 - Dol Blathanna Archer.png,['W'],12190000 - Dol Blathanna Archer_['W'].png
280,12200000 - Dwarf Adventurer (0.8.13).png,['W'],12200000 - Dwarf Adventurer (0_['W'].png
281,12200000 - Dwarven Mercenary.png,['W'],12200000 - Dwarven Mercenary_['W'].png
282,12210000 - Hawker Support.png,['W'],12210000 - Hawker Support_['W'].png
283,12220000 - Elven Wardancer.png,['W'],12220000 - Elven Wardancer_['W'].png
284,12230000 - Dol Blathanna Bowman.png,['W'],12230000 - Dol Blathanna Bowman_['W'].png
285,12240000 - Hawker Smuggler (0.8.13).png,['W'],12240000 - Hawker Smuggler (0_['W'].png
286,12240000 - Hawker Smuggler.png,['W'],12240000 - Hawker Smuggler_['W'].png
287,12250000 - Blue Mountain Elite (Blue Mountain Commando).png,['W'],12250000 - Blue Mountain Elite (Blue Mountain Commando)_['W'].png
288,12550000 - Clan An Craite Warrior.png,['W'],12550000 - Clan An Craite Warrior_['W'].png
289,12560000 - Tuirseach Hunter (Clan Brokvar Hunter).png,['W'],12560000 - Tuirseach Hunter (Clan Brokvar Hunter)_['W'].png
290,12560000 -Tuirseach Hunter (Clan Brokvar Hunter) (0.8.13).png,['W'],12560000 -Tuirseach Hunter (Clan Brokvar Hunter) (0_['W'].png
291,12570000 - Clan Dimun Pirate.png,['W'],12570000 - Clan Dimun Pirate_['W'].png
292,12580000 - Clan Dimun Pirate Captain.png,['W'],12580000 - Clan Dimun Pirate Captain_['W'].png
293,12590000 - Drummond Queensguard v1.png,['W'],12590000 - Drummond Queensguard v1_['W'].png
294,12600000 - Drummond Queensguard v2.png,['W'],12600000 - Drummond Queensguard v2_['W'].png
295,12610000 - Drummond Queensguard v3.png,['W'],12610000 - Drummond Queensguard v3_['W'].png
296,12620000 - Clan Heymaey Skald.png,['W'],12620000 - Clan Heymaey Skald_['W'].png
297,12630000 - Dimun Light Longship.png,['W'],12630000 - Dimun Light Longship_['W'].png
298,12640000 - Priestess of Freya.png,[],12640000 - Priestess of Freya_[].png
299,12650000 - An Craite Blacksmith (Clan Tordarroch Shieldsmith).png,['W'],12650000 - An Craite Blacksmith (Clan Tordarroch Shieldsmith)_['W'].png
300,12660000 - Clan Tuirseach Axeman.png,['W'],12660000 - Clan Tuirseach Axeman_['W'].png
301,12670000 - Clan Tuirseach Skirmisher.png,['W'],12670000 - Clan Tuirseach Skirmisher_['W'].png
302,12680000 - Clan An Craite Longship (War Longship).png,['W'],12680000 - Clan An Craite Longship (War Longship)_['W'].png
303,12690000 - Tuirseach Archer (Clan Brokvar Archer).png,['W'],12690000 - Tuirseach Archer (Clan Brokvar Archer)_['W'].png
304,12700000 - Clan An Craite Raider.png,['W'],12700000 - Clan An Craite Raider_['W'].png
305,12710000 - An Craite Armorsmith (Clan Tordarroch Armorsmith).png,['W'],12710000 - An Craite Armorsmith (Clan Tordarroch Armorsmith)_['W'].png
306,12720000 - Drummond Shieldmaiden v1.png,['W'],12720000 - Drummond Shieldmaiden v1_['W'].png
307,12730000 - Drummond Shieldmaiden v2.png,['W'],12730000 - Drummond Shieldmaiden v2_['W'].png
308,12740000 - Drummond Shieldmaiden v3.png,['W'],12740000 - Drummond Shieldmaiden v3_['W'].png
309,12750000 - Lord of Undvik.png,['W'],12750000 - Lord of Undvik_['W'].png
310,12760000 - Hemdall.png,['W'],12760000 - Hemdall_['W'].png
311,12770000 - Specral Whale (0.8.13).png,['U'],12770000 - Specral Whale (0_['U'].png
312,12770000 - Specral Whale.png,['U'],12770000 - Specral Whale_['U'].png
313,12780000 - Raging Bear (0.8.13).png,['W'],12780000 - Raging Bear (0_['W'].png
314,12780000 - Raging Bear.png,['W'],12780000 - Raging Bear_['W'].png
315,12790000 - Bloodcurdling Roar (0.8.13).png,['W'],12790000 - Bloodcurdling Roar (0_['W'].png
316,12790000 - Bloodcurdling Roar.png,['W'],12790000 - Bloodcurdling Roar_['W'].png
317,12800000 - Restore.png,[],12800000 - Restore_[].png
318,12810000 - Execute (0.8.13).png,['W'],12810000 - Execute (0_['W'].png
319,12810000 - Lacerate.png,['W'],12810000 - Lacerate_['W'].png
320,12260000 - Mahakam Guard.png,['W'],12260000 - Mahakam Guard_['W'].png
321,12270000 - Vrihedd Neophyte.png,['W'],12270000 - Vrihedd Neophyte_['W'].png
322,12280000 - Nature_s Gift.png,[],12280000 - Nature_s Gift_[].png
323,12290000 - Incinerating Trap (0.8.13).png,"['W', 'R']","12290000 - Incinerating Trap (0_['W', 'R'].png"
324,12290000 - Incinerating Trap.png,['W'],12290000 - Incinerating Trap_['W'].png
325,12300000 - Bran Tuirseach.png,['W'],12300000 - Bran Tuirseach_['W'].png
326,12310000 - Crach An Craite.png,['W'],12310000 - Crach An Craite_['W'].png
327,12320000 - Harald The Cripple.png,['W'],12320000 - Harald The Cripple_['W'].png
328,12330000 - Hjalmar an Craite.png,['W'],12330000 - Hjalmar an Craite_['W'].png
329,12340000 - Ermion.png,"['W', 'R']","12340000 - Ermion_['W', 'R'].png"
330,12350000 - Kambi.png,['W'],12350000 - Kambi_['W'].png
331,12360000 - Birna Bran.png,['W'],12360000 - Birna Bran_['W'].png
332,12370000 - Madman Lugos.png,"['W', 'R']","12370000 - Madman Lugos_['W', 'R'].png"
333,12380000 - Coral (0.8.13).png,[],12380000 - Coral (0_[].png
334,12380000 - Coral.png,['W'],12380000 - Coral_['W'].png
335,12390000 - Wild Boar of the Sea.png,['W'],12390000 - Wild Boar of the Sea_['W'].png
336,12400000 - Blueboy Lugos.png,['U'],12400000 - Blueboy Lugos_['U'].png
337,12410000 - Champion of Hov.png,['W'],12410000 - Champion of Hov_['W'].png
338,12420000 - Djenge Frett (0.8.13).png,['W'],12420000 - Djenge Frett (0_['W'].png
339,12420000 - Djenge Frett.png,['W'],12420000 - Djenge Frett_['W'].png
340,12430000 - Donar An Hindar.png,['W'],12430000 - Donar An Hindar_['W'].png
341,12440000 - Draig Bon-Dhu.png,['W'],12440000 - Draig Bon-Dhu_['W'].png
342,12450000 - Gremist.png,[],12450000 - Gremist_[].png
343,12460000 - Holger Blackhand.png,['W'],12460000 - Holger Blackhand_['W'].png
344,12470000 - Jutta An Dimun.png,['W'],12470000 - Jutta An Dimun_['W'].png
345,12480000 - Morkvarg.png,['W'],12480000 - Morkvarg_['W'].png
346,12490000 - Savage Bear.png,['W'],12490000 - Savage Bear_['W'].png
347,12500000 - Sigrdrifa.png,['W'],12500000 - Sigrdrifa_['W'].png
348,12510000 - Svanrige Tuirseach.png,['W'],12510000 - Svanrige Tuirseach_['W'].png
349,12520000 - Udalryk.png,['W'],12520000 - Udalryk_['W'].png
350,12530000 - Svalbold Ravager (Raging Berserker).png,['W'],12530000 - Svalbold Ravager (Raging Berserker)_['W'].png
351,12540000 - Svalbold Butcher (Berserker Marauder).png,['W'],12540000 - Svalbold Butcher (Berserker Marauder)_['W'].png
352,12820000 - Emhyr Var Emreis (0.8.13).png,['W'],12820000 - Emhyr Var Emreis (0_['W'].png
353,12820000 - Emhyr Var Emreis.png,['W'],12820000 - Emhyr Var Emreis_['W'].png
354,12830000 - Morvran Voorhis (0.8.13).png,['W'],12830000 - Morvran Voorhis (0_['W'].png
355,12830000 - Morvran Voorhis.png,['W'],12830000 - Morvran Voorhis_['W'].png
356,12840000 - Jan Calveit.png,['W'],12840000 - Jan Calveit_['W'].png
357,12850000 - Letho of Gulet (0.8.13).png,['W'],12850000 - Letho of Gulet (0_['W'].png
358,12850000 - Letho of Gulet.png,['W'],12850000 - Letho of Gulet_['W'].png
359,12860000 - Menno Coehoorn (0.8.13).png,['W'],12860000 - Menno Coehoorn (0_['W'].png
360,12860000 - Menno Coehoorn.png,['W'],12860000 - Menno Coehoorn_['W'].png
361,12870000 - Vattier de Rideaux (0.8.13).png,['W'],12870000 - Vattier de Rideaux (0_['W'].png
362,12870000 - Vattier de Rideaux.png,['W'],12870000 - Vattier de Rideaux_['W'].png
363,12880000 - Cahir Dyffryn (0.8.13).png,['W'],12880000 - Cahir Dyffryn (0_['W'].png
364,12880000 - Cahir Dyffryn.png,['W'],12880000 - Cahir Dyffryn_['W'].png
365,12890000 - Vilgefortz.png,['W'],12890000 - Vilgefortz_['W'].png
366,12900000 - Stefan Skellen (0.8.13).png,['W'],12900000 - Stefan Skellen (0_['W'].png
367,12900000 - Stefan Skellen.png,['W'],12900000 - Stefan Skellen_['W'].png
368,12910000 - Tibor Eggebracht (0.8.13).png,['W'],12910000 - Tibor Eggebracht (0_['W'].png
369,12910000 - Tibor Eggebracht.png,['W'],12910000 - Tibor Eggebracht_['W'].png
370,12920000 - Xarthisius.png,[],12920000 - Xarthisius_[].png
371,12930000 - Albrich (0.8.13).png,['W'],12930000 - Albrich (0_['W'].png
372,12930000 - Albrich.png,['W'],12930000 - Albrich_['W'].png
373,12940000 - Assire Var Anahid (0.8.13).png,['W'],12940000 - Assire Var Anahid (0_['W'].png
374,12940000 - Assire Var Anahid (09.19).png,['W'],12940000 - Assire Var Anahid (09_['W'].png
375,12940000 - Assire Var Anahid.png,[],12940000 - Assire Var Anahid_[].png
376,12950000 - Cynthia.png,['W'],12950000 - Cynthia_['W'].png
377,12960000 - Peter Saar Gwynleve.png,['W'],12960000 - Peter Saar Gwynleve_['W'].png
378,12970000 - Fringilla Vigo.png,['W'],12970000 - Fringilla Vigo_['W'].png
379,12980000 - Sweers (0.8.13).png,['W'],12980000 - Sweers (0_['W'].png
380,12980000 - Sweers.png,['W'],12980000 - Sweers_['W'].png
381,12990000 - Vanhemar (0.8.13).png,['W'],12990000 - Vanhemar (0_['W'].png
382,12990000 - Vanhemar.png,['W'],12990000 - Vanhemar_['W'].png
383,13000000 - Auckes.png,['W'],13000000 - Auckes_['W'].png
384,13010000 - Serrit.png,['W'],13010000 - Serrit_['W'].png
385,13020000 - Cantarella.png,['W'],13020000 - Cantarella_['W'].png
386,13030000 - Joachim de Wett.png,[],13030000 - Joachim de Wett_[].png
387,13040000 - False Ciri.png,['W'],13040000 - False Ciri_['W'].png
388,13050000 - Ceallach Dyffryn.png,['W'],13050000 - Ceallach Dyffryn_['W'].png
389,13060000 - Daerlan Soldiers.png,['W'],13060000 - Daerlan Soldiers_['W'].png
390,13070000 - Rot Tosser.png,['W'],13070000 - Rot Tosser_['W'].png
391,13080000 - Spotter.png,['W'],13080000 - Spotter_['W'].png
392,13090000 - Vicovaro Medic.png,['W'],13090000 - Vicovaro Medic_['W'].png
393,13100000 - Deithwen Arbalest (Black Infantry Arbalest).png,['W'],13100000 - Deithwen Arbalest (Black Infantry Arbalest)_['W'].png
394,13110000 - Fire Scorpion (0.8.13).png,['W'],13110000 - Fire Scorpion (0_['W'].png
395,13110000 - Fire Scorpion.png,[],13110000 - Fire Scorpion_[].png
396,13120000 - Impera Brigade (0.8.13).png,['W'],13120000 - Impera Brigade (0_['W'].png
397,13120000 - Impera Brigade v1(0.8.13).png,['W'],13120000 - Impera Brigade v1(0_['W'].png
398,13120000 - Impera Brigade v2(0.8.13).png,['W'],13120000 - Impera Brigade v2(0_['W'].png
399,13120000 - Impera Brigade v3(0.8.13).png,['W'],13120000 - Impera Brigade v3(0_['W'].png
400,13120000 - Impera Brigade.png,['W'],13120000 - Impera Brigade_['W'].png
401,13130000 - Impera Enforcers.png,['W'],13130000 - Impera Enforcers_['W'].png
402,13140000 - Nauzicaa Sergeant (Nauzicaa Standard Bearer).png,['W'],13140000 - Nauzicaa Sergeant (Nauzicaa Standard Bearer)_['W'].png
403,13150000 - Nauzicaa Brigade v1 (0.8.13).png,['W'],13150000 - Nauzicaa Brigade v1 (0_['W'].png
404,13150000 - Nauzicaa Brigade v2 (0.8.13).png,['W'],13150000 - Nauzicaa Brigade v2 (0_['W'].png
405,13150000 - Nauzicaa Brigade.png,['W'],13150000 - Nauzicaa Brigade_['W'].png
406,13160000 - Alba Pikeman.png,['W'],13160000 - Alba Pikeman_['W'].png
407,13170000 - Alba Spearman.png,"['W', 'R']","13170000 - Alba Spearman_['W', 'R'].png"
408,13180000 - Combat Engineer.png,['W'],13180000 - Combat Engineer_['W'].png
409,13190000 - Emissary (0.8.13).png,['W'],13190000 - Emissary (0_['W'].png
410,13190000 - Emissary 2 (0.8.13).png,['W'],13190000 - Emissary 2 (0_['W'].png
411,13190000 - Emissary.png,"['W', 'R']","13190000 - Emissary_['W', 'R'].png"
412,13200000 - Ambassador.png,['W'],13200000 - Ambassador_['W'].png
413,13210000 - Alchemist.png,['W'],13210000 - Alchemist_['W'].png
414,13220000 - Mangonel (0.8.13).png,['W'],13220000 - Mangonel (0_['W'].png
415,13220000 - Mangonel.png,['W'],13220000 - Mangonel_['W'].png
416,13230000 - Nilfgaardian Knight.png,['W'],13230000 - Nilfgaardian Knight_['W'].png
417,13240000 - The Guardian.png,['W'],13240000 - The Guardian_['W'].png
418,13250000 - Cow Carcass.png,['W'],13250000 - Cow Carcass_['W'].png
419,13260000 - Assassination.png,['W'],13260000 - Assassination_['W'].png
420,13270000 - Treason.png,['W'],13270000 - Treason_['W'].png
421,13280000 - Shrike (Overdose).png,['R'],13280000 - Shrike (Overdose)_['R'].png
422,13300000 - Korathi Heatwave (Drought).png,['W'],13300000 - Korathi Heatwave (Drought)_['W'].png
423,13310000 - Marching Orders.png,"['W', 'R']","13310000 - Marching Orders_['W', 'R'].png"
424,13320000 - Necromancy.png,['W'],13320000 - Necromancy_['W'].png
425,13330000 - Summoning Circle (0.8.13).png,['G'],13330000 - Summoning Circle (0_['G'].png
426,13330000 - Summoning Circle.png,['W'],13330000 - Summoning Circle_['W'].png
427,13340000 - Wild Hunt Navigator.png,['W'],13340000 - Wild Hunt Navigator_['W'].png
428,13350000 - Vabjorn.png,['W'],13350000 - Vabjorn_['W'].png
429,13360000 - Leo Bonhart.png,['W'],13360000 - Leo Bonhart_['W'].png
430,13370000 - Rainfarn of Attre (0.8.13).png,['U'],13370000 - Rainfarn of Attre (0_['U'].png
431,13370000 - Rainfarn of Attre.png,['W'],13370000 - Rainfarn of Attre_['W'].png
432,13380000 - Aretuza Adept.png,[],13380000 - Aretuza Adept_[].png
433,13390000 - Kaedweni Knight.png,['W'],13390000 - Kaedweni Knight_['W'].png
434,13400000 - Clan Drummond Warmonger.png,['W'],13400000 - Clan Drummond Warmonger_['W'].png
435,13410000 - Cyclops.png,['W'],13410000 - Cyclops_['W'].png
436,13420000 - Archespore.png,['W'],13420000 - Archespore_['W'].png
437,13430000 - Dol Blathanna Sentry (Dol Blathanna Protector).png,['W'],13430000 - Dol Blathanna Sentry (Dol Blathanna Protector)_['W'].png
438,13440000 - Clan An Craite Greatsword.png,['W'],13440000 - Clan An Craite Greatsword_['W'].png
439,13450000 - Hefty Helge.png,['W'],13450000 - Hefty Helge_['W'].png
440,13460000 - Mahakam Marauder.png,['W'],13460000 - Mahakam Marauder_['W'].png
441,13470000 - Harald Houndsnout.png,['W'],13470000 - Harald Houndsnout_['W'].png
442,13480000 - Magne Division.png,['W'],13480000 - Magne Division_['W'].png
443,13490000 - Dryad Ranger.png,['W'],13490000 - Dryad Ranger_['W'].png
444,13500000 - Clan Tuirseach Veteran.png,['W'],13500000 - Clan Tuirseach Veteran_['W'].png
445,13510000 - Ban Ard Tutor.png,[],13510000 - Ban Ard Tutor_[].png
446,13520000 - Battering Ram.png,['W'],13520000 - Battering Ram_['W'].png
447,13530000 - Vreemde (0.8.13).png,['W'],13530000 - Vreemde (0_['W'].png
448,13530000 - Vreemde.png,['W'],13530000 - Vreemde_['W'].png
449,13540000 - Ihuarraquax.png,['W'],13540000 - Ihuarraquax_['W'].png
450,13550000 - Golyat.png,['W'],13550000 - Golyat_['W'].png
451,13560000 - Artefact Compression (Jade Figurine).png,[],13560000 - Artefact Compression (Jade Figurine)_[].png
452,13580000 - Unseen Elder.png,['W'],13580000 - Unseen Elder_['W'].png
453,13590000 - Aguara True Form.png,[],13590000 - Aguara True Form_[].png
454,13600000 - Saesenthessis Blaze (Saskia Dragonfire).png,"['W', 'R']","13600000 - Saesenthessis Blaze (Saskia Dragonfire)_['W', 'R'].png"
455,13610000 - Uma_s Curse.png,['W'],13610000 - Uma_s Curse_['W'].png
456,13620000 - Great Oak.png,['W'],13620000 - Great Oak_['W'].png
457,13630000 - Eist Tuirseach.png,[],13630000 - Eist Tuirseach_[].png
458,13650000 - Aguara.png,['W'],13650000 - Aguara_['W'].png
459,13660000 - Princess Adda.png,['W'],13660000 - Princess Adda_['W'].png
460,13670000 - Dettlaff.png,['W'],13670000 - Dettlaff_['W'].png
461,13680000 - Syanna.png,['R'],13680000 - Syanna_['R'].png
462,13700000 - Moonlight.png,[],13700000 - Moonlight_[].png
463,13710000 - Water of Brokilon.png,['W'],13710000 - Water of Brokilon_['W'].png
464,13720000 - Dettlaff Higher Vampire.png,['W'],13720000 - Dettlaff Higher Vampire_['W'].png
465,13730000 - Anna Henrietta.png,['W'],13730000 - Anna Henrietta_['W'].png
466,13740000 - Shilard (0.8.13).png,['W'],13740000 - Shilard (0_['W'].png
467,13740000 - Shilard.png,"['W', 'R']","13740000 - Shilard_['W', 'R'].png"
468,13750000 - King Demavend III.png,['W'],13750000 - King Demavend III_['W'].png
469,13760000 - Striga.png,['W'],13760000 - Striga_['W'].png
470,13770000 - philippa owl.png,[],13770000 - philippa owl_[].png
471,13780000 - Filavandrel.png,[],13780000 - Filavandrel_[].png
472,13800000 - Champion of Svalblod (Yngvar).png,['W'],13800000 - Champion of Svalblod (Yngvar)_['W'].png
473,13810000 - Trial of the Grasses.png,[],13810000 - Trial of the Grasses_[].png
474,13820000 - Hanmarvyn_s Dream.png,['U'],13820000 - Hanmarvyn_s Dream_['U'].png
475,13830000 - Xavier Moran.png,['W'],13830000 - Xavier Moran_['W'].png
476,13840000 - Heymaey Herbalist.png,['W'],13840000 - Heymaey Herbalist_['W'].png
477,13850000 - Alp.png,['W'],13850000 - Alp_['W'].png
478,13860000 - Iris_ Companions (Lesser Demons).png,['W'],13860000 - Iris_ Companions (Lesser Demons)_['W'].png
479,13870000 - Wraith.png,['W'],13870000 - Wraith_['W'].png
480,13880000 - Tourney Shaelmaar.png,['W'],13880000 - Tourney Shaelmaar_['W'].png
481,13890000 - The Beast.png,[],13890000 - The Beast_[].png
482,13900000 - Dorregaray of Vole.png,['W'],13900000 - Dorregaray of Vole_['W'].png
483,13910000 - Hubert Rejk.png,['W'],13910000 - Hubert Rejk_['W'].png
484,13920000 - Nivellen.png,['W'],13920000 - Nivellen_['W'].png
485,13930000 - Orianna.png,['W'],13930000 - Orianna_['W'].png
486,13940000 - Stregobor.png,['W'],13940000 - Stregobor_['W'].png
487,13950000 - Milton de Peyrac-Peyran.png,['W'],13950000 - Milton de Peyrac-Peyran_['W'].png
488,13960000 - Palmerin de Launfal.png,['W'],13960000 - Palmerin de Launfal_['W'].png
489,13970000 - Vivienne Oriole.png,['W'],13970000 - Vivienne Oriole_['W'].png
490,13980000 - Vivienne de Tabris.png,['W'],13980000 - Vivienne de Tabris_['W'].png
491,14000000 - Tamara Strenger.png,['W'],14000000 - Tamara Strenger_['W'].png
492,14010000 - Vincent Meis.png,['W'],14010000 - Vincent Meis_['W'].png
493,14020000 - Werewolf.png,['W'],14020000 - Werewolf_['W'].png
494,14030000 - Fauve.png,"['W', 'R']","14030000 - Fauve_['W', 'R'].png"
495,14040000 - Sirissa.png,['W'],14040000 - Sirissa_['W'].png
496,14050000 - Hym.png,['W'],14050000 - Hym_['W'].png
497,14060000 - Olaf.png,['W'],14060000 - Olaf_['W'].png
498,14070000 - Ulfhedinn.png,['W'],14070000 - Ulfhedinn_['W'].png
499,14080000 - Clan Dimun Warship.png,['W'],14080000 - Clan Dimun Warship_['W'].png
500,14090000 - Barghest.png,[],14090000 - Barghest_[].png
501,14100000 - Bruxa.png,['W'],14100000 - Bruxa_['W'].png
502,14110000 - Fleder.png,['W'],14110000 - Fleder_['W'].png
503,14120000 - Feast of Blood (Shrewd Vampire).png,[],14120000 - Feast of Blood (Shrewd Vampire)_[].png
504,14130000 - Nightwraith.png,['G'],14130000 - Nightwraith_['G'].png
505,14140000 - Noonwraith.png,['W'],14140000 - Noonwraith_['W'].png
506,14150000 - Siren v1.png,['W'],14150000 - Siren v1_['W'].png
507,14160000 - Siren v2.png,['W'],14160000 - Siren v2_['W'].png
508,14170000 - Siren v3.png,['W'],14170000 - Siren v3_['W'].png
509,14180000 - Werecat.png,['W'],14180000 - Werecat_['W'].png
510,14190000 - Alpha Werewolf.png,['W'],14190000 - Alpha Werewolf_['W'].png
511,14200000 - Assassin.png,['W'],14200000 - Assassin_['W'].png
512,14210000 - Imperial Diviner.png,['W'],14210000 - Imperial Diviner_['W'].png
513,14220000 - Ducal Guard.png,['W'],14220000 - Ducal Guard_['W'].png
514,14230000 - Infiltrator.png,['W'],14230000 - Infiltrator_['W'].png
515,14240000 - Tourney Joust.png,['W'],14240000 - Tourney Joust_['W'].png
516,14250000 - Master of Disguise.png,[],14250000 - Master of Disguise_[].png
517,14260000 - Menagerie Keeper.png,['W'],14260000 - Menagerie Keeper_['W'].png
518,14270000 - Fangs of the Empire (Poisoner).png,['W'],14270000 - Fangs of the Empire (Poisoner)_['W'].png
519,14280000 - Toussaint Knight-Errant.png,['W'],14280000 - Toussaint Knight-Errant_['W'].png
520,14290000 - Viper Witcher.png,['W'],14290000 - Viper Witcher_['W'].png
521,14300000 - Cleric of the Flaming Rose.png,['W'],14300000 - Cleric of the Flaming Rose_['W'].png
522,14320000 - Footmen of the Flaming Rose.png,[],14320000 - Footmen of the Flaming Rose_[].png
523,14330000 - Greater Brothers.png,['W'],14330000 - Greater Brothers_['W'].png
524,14340000 - Eternal Fire Priest.png,"['W', 'R']","14340000 - Eternal Fire Priest_['W', 'R'].png"
525,14350000 - Mutant Assassin.png,['W'],14350000 - Mutant Assassin_['W'].png
526,14360000 - Witch Hunter Executioner.png,['W'],14360000 - Witch Hunter Executioner_['W'].png
527,14370000 - Witch Hunter.png,['W'],14370000 - Witch Hunter_['W'].png
528,14380000 - Brokilon Sentinels.png,['G'],14380000 - Brokilon Sentinels_['G'].png
529,14390000 - Forest Whisperer (Dryad Grove Shaper).png,['W'],14390000 - Forest Whisperer (Dryad Grove Shaper)_['W'].png
530,14400000 - Mahakam Pyrotechnician.png,['W'],14400000 - Mahakam Pyrotechnician_['W'].png
531,14410000 - Farseer.png,['R'],14410000 - Farseer_['R'].png
532,14430000 - Sage.png,['W'],14430000 - Sage_['W'].png
533,14440000 - Panther.png,['W'],14440000 - Panther_['W'].png
534,14450000 - Keltullis Fire Breath.png,['W'],14450000 - Keltullis Fire Breath_['W'].png
535,14460000 - Keltullis Claws.png,['W'],14460000 - Keltullis Claws_['W'].png
536,14470000 - Treant Boar.png,['W'],14470000 - Treant Boar_['W'].png
537,14480000 - Treant Mantis Stalk.png,['G'],14480000 - Treant Mantis Stalk_['G'].png
538,14490000 - Clan Tuirseach Bearmaster.png,[],14490000 - Clan Tuirseach Bearmaster_[].png
539,14500000 - Clan Dimun Corsair.png,['W'],14500000 - Clan Dimun Corsair_['W'].png
540,14510000 - Clan Dimun Smuggler.png,['W'],14510000 - Clan Dimun Smuggler_['W'].png
541,14520000 - Heymaey Flaminica (Gedyneith Flaminica).png,['W'],14520000 - Heymaey Flaminica (Gedyneith Flaminica)_['W'].png
542,14530000 - Heymaey Spearmaiden (Heymaey Battle Maiden).png,['W'],14530000 - Heymaey Spearmaiden (Heymaey Battle Maiden)_['W'].png
543,14540000 - Clan Heymaey Protector.png,"['W', 'R']","14540000 - Clan Heymaey Protector_['W', 'R'].png"
544,14550000 - Svalblod Priest.png,[],14550000 - Svalblod Priest_[].png
545,14580000 - Royal Decree.png,['W'],14580000 - Royal Decree_['W'].png
546,14590000 - Tridam Infantryman.png,['W'],14590000 - Tridam Infantryman_['W'].png
547,14600000 - Cerys an Craite.png,['W'],14600000 - Cerys an Craite_['W'].png
548,14610000 - Saskia.png,['W'],14610000 - Saskia_['W'].png
549,14620000 - Skjall.png,['U'],14620000 - Skjall_['U'].png
550,14630000 - Jotunn.png,['W'],14630000 - Jotunn_['W'].png
551,14640000 - Whispess Tribute.png,"['W', 'R']","14640000 - Whispess Tribute_['W', 'R'].png"
552,14650000 - Brewess Ritual.png,['W'],14650000 - Brewess Ritual_['W'].png
553,14660000 - Weavess Incantation.png,['W'],14660000 - Weavess Incantation_['W'].png
554,14670000 - Mandrake.png,['W'],14670000 - Mandrake_['W'].png
555,14680000 - Crow_s Eye.png,[],14680000 - Crow_s Eye_[].png
556,14690000 - Muzzle.png,[],14690000 - Muzzle_[].png
557,14700000 - Wolfsbane.png,[],14700000 - Wolfsbane_[].png
558,14710000 - Henry Var Attre.png,['W'],14710000 - Henry Var Attre_['W'].png
559,14720000 - Expired Ale.png,['W'],14720000 - Expired Ale_['W'].png
560,14730000 - Cockatrice.png,[],14730000 - Cockatrice_[].png
561,14740000 - Lambert Swordmaster.png,['W'],14740000 - Lambert Swordmaster_['W'].png
562,14750000 - Eskel Pathfinder.png,['W'],14750000 - Eskel Pathfinder_['W'].png
563,14760000 - Vesemir Mentor.png,['W'],14760000 - Vesemir Mentor_['W'].png
564,14770000 - Gabor Zigrin.png,['W'],14770000 - Gabor Zigrin_['W'].png
565,14780000 - Ale of the Ancestors.png,['W'],14780000 - Ale of the Ancestors_['W'].png
566,14790000 - Reynard Odo.png,['W'],14790000 - Reynard Odo_['W'].png
567,14800000 - Count Caldwell.png,['W'],14800000 - Count Caldwell_['W'].png
568,14810000 - Scytheman (Saovine Holiday of the Dead card).png,['W'],14810000 - Scytheman (Saovine Holiday of the Dead card)_['W'].png
569,14820000 - Lyrian Blacksmith.png,['W'],14820000 - Lyrian Blacksmith_['W'].png
570,14830000 - Eyck of Denesle.png,['W'],14830000 - Eyck of Denesle_['W'].png
571,14840000 - Shupe_s Day Off (Shupe_s Bizarre Adventure).png,['W'],14840000 - Shupe_s Day Off (Shupe_s Bizarre Adventure)_['W'].png
572,14850000 - Meve Rivian Broadsword.png,['W'],14850000 - Meve Rivian Broadsword_['W'].png
573,14860000 - Grey Rider.png,[],14860000 - Grey Rider_[].png
574,14870000 - Dwarven Agitator.png,"['W', 'R']","14870000 - Dwarven Agitator_['W', 'R'].png"
575,14880000 - Nilfgaardian Standard Bearer.png,['W'],14880000 - Nilfgaardian Standard Bearer_['W'].png
576,14890000 - Rotfiend.png,['W'],14890000 - Rotfiend_['W'].png
577,14900000 - Alba Armored Cavalry.png,['W'],14900000 - Alba Armored Cavalry_['W'].png
578,14910000 - Inspirational Ballad (Rhapsodic Melody).png,['W'],14910000 - Inspirational Ballad (Rhapsodic Melody)_['W'].png
579,14920000 - Temerian Drummer.png,['W'],14920000 - Temerian Drummer_['W'].png
580,14930000 - Clan An Craite Whaler (Whale Harpooner).png,['W'],14930000 - Clan An Craite Whaler (Whale Harpooner)_['W'].png
581,14940000 - Wild Hunt Drakkar (Wild Hunt Longship).png,['W'],14940000 - Wild Hunt Drakkar (Wild Hunt Longship)_['W'].png
582,14950000 - Harpy Hatchling.png,['W'],14950000 - Harpy Hatchling_['W'].png
583,14960000 - Dol Blathanna Scout (0.8.13).png,[],14960000 - Dol Blathanna Scout (0_[].png
584,14960000 - Dol Blathanna Scout.png,['W'],14960000 - Dol Blathanna Scout_['W'].png
585,14970000 - Arachas Hatchling.png,['W'],14970000 - Arachas Hatchling_['W'].png
586,14980000 - Chort.png,['W'],14980000 - Chort_['W'].png
587,14990000 - Mahakam Ale.png,['W'],14990000 - Mahakam Ale_['W'].png
588,15000000 - Specter.png,['W'],15000000 - Specter_['W'].png
589,15010000 - Glustyworp.png,[],15010000 - Glustyworp_[].png
590,15020000 - Xavier Lemmens.png,['W'],15020000 - Xavier Lemmens_['W'].png
591,15030000 - Prince Villem.png,['W'],15030000 - Prince Villem_['W'].png
592,15040000 - Dagur Two Blades.png,['W'],15040000 - Dagur Two Blades_['W'].png
593,15050000 - Eldain.png,['W'],15050000 - Eldain_['W'].png
594,15060000 - Arnjolf the Patricide.png,[],15060000 - Arnjolf the Patricide_[].png
595,15070000 - Ronvid the Incessant (Ronvid of Small Marsh).png,['W'],15070000 - Ronvid the Incessant (Ronvid of Small Marsh)_['W'].png
596,15090000 - Bardic Power Chords.png,['W'],15090000 - Bardic Power Chords_['W'].png
597,15100000 - Bridge Troll.png,['W'],15100000 - Bridge Troll_['W'].png
598,15110000 - She-Troll of Vergen.png,['R'],15110000 - She-Troll of Vergen_['R'].png
599,15120000 - Ice Troll.png,['W'],15120000 - Ice Troll_['W'].png
600,15130000 - Cow.png,[],15130000 - Cow_[].png
601,15140000 - Venendal Elite.png,['W'],15140000 - Venendal Elite_['W'].png
602,15150000 - Éibhear Hattori.png,['W'],15150000 - Éibhear Hattori_['W'].png
603,15160000 - Wilfred Wilhelm Wilmar.png,['W'],15160000 - Wilfred Wilhelm Wilmar_['W'].png
604,15170000 - Garrison (Portcullis).png,[],15170000 - Garrison (Portcullis)_[].png
605,15180000 - Nilfgaardian Gate.png,['W'],15180000 - Nilfgaardian Gate_['W'].png
606,15190000 - Strays of Spalla.png,['W'],15190000 - Strays of Spalla_['W'].png
607,15200000 - Gascon.png,['W'],15200000 - Gascon_['W'].png
608,15210000 - Lyrian Landsknecht.png,['W'],15210000 - Lyrian Landsknecht_['W'].png
609,15220000 - Germain Piquant (Germain of Fox Hollow).png,['W'],15220000 - Germain Piquant (Germain of Fox Hollow)_['W'].png
610,15230000 - Rivian Pikeman.png,['W'],15230000 - Rivian Pikeman_['W'].png
611,15240000 - Traheaern Var Udyffir.png,['W'],15240000 - Traheaern Var Udyffir_['W'].png
612,15250000 - Lippy Gudmund.png,['W'],15250000 - Lippy Gudmund_['W'].png
613,15260000 - Strays Infiltrator.png,['W'],15260000 - Strays Infiltrator_['W'].png
614,15270000 - Strays Slingers.png,['W'],15270000 - Strays Slingers_['W'].png
615,15280000 - Strays Cavalry.png,['W'],15280000 - Strays Cavalry_['W'].png
616,15290000 - Slave Hunter.png,['W'],15290000 - Slave Hunter_['W'].png
617,15300000 - Slave Infantry.png,['W'],15300000 - Slave Infantry_['W'].png
618,15310000 - Vrygheff.png,['W'],15310000 - Vrygheff_['W'].png
619,15320000 - Ardal aep Dahy.png,['W'],15320000 - Ardal aep Dahy_['W'].png
620,15330000 - Slave Driver.png,['W'],15330000 - Slave Driver_['W'].png
621,15340000 - Slyzard.png,['W'],15340000 - Slyzard_['W'].png
622,15350000 - Gernichora.png,['W'],15350000 - Gernichora_['W'].png
623,15360000 - Keltullis.png,['W'],15360000 - Keltullis_['W'].png
624,15370000 - Forktail.png,['W'],15370000 - Forktail_['W'].png
625,15380000 - Elven Scout.png,[],15380000 - Elven Scout_[].png
626,15390000 - Crushing Trap.png,['W'],15390000 - Crushing Trap_['W'].png
627,15400000 - Bomb Heaver.png,['W'],15400000 - Bomb Heaver_['W'].png
628,15410000 - Lyrian Arbalest.png,['W'],15410000 - Lyrian Arbalest_['W'].png
629,15420000 - Falbeson.png,['W'],15420000 - Falbeson_['W'].png
630,15430000 - Nilfgaardian Gate Closed.png,['W'],15430000 - Nilfgaardian Gate Closed_['W'].png
631,15440000 - Gernichora_s Fruit.png,['W'],15440000 - Gernichora_s Fruit_['W'].png
632,15450000 - Manticore Head (beta).png,['W'],15450000 - Manticore Head (beta)_['W'].png
633,15450000 - Manticore Head.png,"['W', 'R']","15450000 - Manticore Head_['W', 'R'].png"
634,15460000 - Manticore Tail (beta).png,['W'],15460000 - Manticore Tail (beta)_['W'].png
635,15460000 - Manticore Tail.png,['W'],15460000 - Manticore Tail_['W'].png
636,15470000 - Manticore Right Wing (beta).png,['R'],15470000 - Manticore Right Wing (beta)_['R'].png
637,15470000 - Manticore Right Wing.png,"['W', 'R']","15470000 - Manticore Right Wing_['W', 'R'].png"
638,15480000 - Manticore Left Wing (beta).png,['R'],15480000 - Manticore Left Wing (beta)_['R'].png
639,15480000 - Manticore Left Wing.png,['R'],15480000 - Manticore Left Wing_['R'].png
640,15490000 - Manticore Right Leg (beta).png,['W'],15490000 - Manticore Right Leg (beta)_['W'].png
641,15490000 - Manticore Right Leg.png,['W'],15490000 - Manticore Right Leg_['W'].png
642,15500000 - Manticore Left Leg (beta).png,['W'],15500000 - Manticore Left Leg (beta)_['W'].png
643,15500000 - Manticore Left Leg.png,['W'],15500000 - Manticore Left Leg_['W'].png
644,15510000 - War Wagon.png,['W'],15510000 - War Wagon_['W'].png
645,15520000 - Wagenburg.png,['W'],15520000 - Wagenburg_['W'].png
646,15530000 - Rivian Onager.png,['W'],15530000 - Rivian Onager_['W'].png
647,15540000 - Lyrian Hajduk.png,['W'],15540000 - Lyrian Hajduk_['W'].png
648,15550000 - Pit Trap.png,['W'],15550000 - Pit Trap_['W'].png
649,15560000 - Mantlet.png,['W'],15560000 - Mantlet_['W'].png
650,15570000 - Horse Thief.png,['W'],15570000 - Horse Thief_['W'].png
651,15580000 - Foltest_s Pride.png,['W'],15580000 - Foltest_s Pride_['W'].png
652,15590000 - Lyrian Cavalry.png,['W'],15590000 - Lyrian Cavalry_['W'].png
653,15600000 - Lyrian Sappers.png,['W'],15600000 - Lyrian Sappers_['W'].png
654,15610000 - Meve Spear.png,['W'],15610000 - Meve Spear_['W'].png
655,15620000 - Mastercrafted Spear.png,['W'],15620000 - Mastercrafted Spear_['W'].png
656,15630000 - Bloody Flail.png,['W'],15630000 - Bloody Flail_['W'].png
657,15640000 - Meve Flail.png,['W'],15640000 - Meve Flail_['W'].png
658,15650000 - Meve Angrena Blade.png,['W'],15650000 - Meve Angrena Blade_['W'].png
659,15660000 - Meve Bastard Sword.png,['W'],15660000 - Meve Bastard Sword_['W'].png
660,15670000 - Meve War Hammer.png,['W'],15670000 - Meve War Hammer_['W'].png
661,15680000 - Meve Sihil.png,['W'],15680000 - Meve Sihil_['W'].png
662,15690000 - Elven Blade.png,['W'],15690000 - Elven Blade_['W'].png
663,15700000 - Meve Rivian Broadsword.png,['R'],15700000 - Meve Rivian Broadsword_['R'].png
664,15710000 - Meve Ornamental Sword.png,['W'],15710000 - Meve Ornamental Sword_['W'].png
665,15720000 - Isbel of Hagge.png,[],15720000 - Isbel of Hagge_[].png
666,15730000 - Black Rayla.png,['U'],15730000 - Black Rayla_['U'].png
667,15740000 - Lyrian Trophy.png,['W'],15740000 - Lyrian Trophy_['W'].png
668,15750000 - Elf Adn Onion Soup.png,['W'],15750000 - Elf Adn Onion Soup_['W'].png
669,15760000 - Barnabas Beckenbauer.png,['W'],15760000 - Barnabas Beckenbauer_['W'].png
670,15770000 - Geralt Yrden.png,['W'],15770000 - Geralt Yrden_['W'].png
671,15780000 - Ivo Of Belhaven.png,['W'],15780000 - Ivo Of Belhaven_['W'].png
672,15790000 - Glorious Hunt.png,['W'],15790000 - Glorious Hunt_['W'].png
673,15800000 - Keltullis Trophy.png,['W'],15800000 - Keltullis Trophy_['W'].png
674,15810000 - Parasite.png,['W'],15810000 - Parasite_['W'].png
675,15820000 - Lyrian Banner.png,['W'],15820000 - Lyrian Banner_['W'].png
676,15830000 - Scepter of Storms.png,['W'],15830000 - Scepter of Storms_['W'].png
677,15840000 - Mahakam Horn.png,['W'],15840000 - Mahakam Horn_['W'].png
678,15850000 - Ointment.png,['W'],15850000 - Ointment_['W'].png
679,15860000 - Cadaverine.png,['W'],15860000 - Cadaverine_['W'].png
680,15870000 - Perun Runestone.png,[],15870000 - Perun Runestone_[].png
681,15880000 - Wyvern Scale Shield.png,['W'],15880000 - Wyvern Scale Shield_['W'].png
682,15890000 - Dragon_s Dream.png,"['U', 'G']","15890000 - Dragon_s Dream_['U', 'G'].png"
683,15900000 - Disgraced Brawler.png,['W'],15900000 - Disgraced Brawler_['W'].png
684,15910000 - Disgraced Warrior.png,['W'],15910000 - Disgraced Warrior_['W'].png
685,15920000 - Mahakam Volunteers.png,['W'],15920000 - Mahakam Volunteers_['W'].png
686,15930000 - Elven Swordmaster.png,['W'],15930000 - Elven Swordmaster_['W'].png
687,15940000 - Clan An Craite Marauder.png,['W'],15940000 - Clan An Craite Marauder_['W'].png
688,15950000 - Phoenix.png,"['W', 'R']","15950000 - Phoenix_['W', 'R'].png"
689,15960000 - Usurper.png,['W'],15960000 - Usurper_['W'].png
690,15970000 - Stribog Runestone.png,[],15970000 - Stribog Runestone_[].png
691,15980000 - Zoria Runestone.png,['U'],15980000 - Zoria Runestone_['U'].png
692,15990000 - Dazhbog Runestone.png,['R'],15990000 - Dazhbog Runestone_['R'].png
693,16000000 - Devana Runestone.png,[],16000000 - Devana Runestone_[].png
694,16010000 - Morana Runestone.png,['G'],16010000 - Morana Runestone_['G'].png
695,16020000 - Whispering Hillock.png,"['W', 'R']","16020000 - Whispering Hillock_['W', 'R'].png"
696,16030000 - Bone Talisman.png,[],16030000 - Bone Talisman_[].png
697,16040000 - Yennefer Enchantress.png,[],16040000 - Yennefer Enchantress_[].png
698,16050000 - Letho Kingslayer.png,"['W', 'R']","16050000 - Letho Kingslayer_['W', 'R'].png"
699,16060000 - Iorveth Meditation.png,['W'],16060000 - Iorveth Meditation_['W'].png
700,16070000 - Isengrim Outlaw.png,[],16070000 - Isengrim Outlaw_[].png
701,16080000 - Recruit.png,['W'],16080000 - Recruit_['W'].png
702,16090000 - Seltkirk of Gulet.png,['W'],16090000 - Seltkirk of Gulet_['W'].png
703,16100000 - Vandergrift.png,"['W', 'R']","16100000 - Vandergrift_['W', 'R'].png"
704,16430000 - Northern Wind (Fire and Ice).png,[],16430000 - Northern Wind (Fire and Ice)_[].png
705,16440000 - Triss Telekinesis.png,['W'],16440000 - Triss Telekinesis_['W'].png
706,16450000 - Dandelion Vainglory.png,[],16450000 - Dandelion Vainglory_[].png
707,16460000 - Ge_els_ Painting.png,['W'],16460000 - Ge_els_ Painting_['W'].png
708,16470000 - Dandelion Poet.png,[],16470000 - Dandelion Poet_[].png
709,16480000 - Roche Merciless.png,['W'],16480000 - Roche Merciless_['W'].png
710,16490000 - Cerys Fearless.png,['W'],16490000 - Cerys Fearless_['W'].png
711,16500000 - Morenn Forest Child (Bonus Witcher 1 Inspiration).png,['W'],16500000 - Morenn Forest Child (Bonus Witcher 1 Inspiration)_['W'].png
712,16500000 - Morenn Forest Child.png,['W'],16500000 - Morenn Forest Child_['W'].png
713,16510000 - Yennefer Necromancer.png,['W'],16510000 - Yennefer Necromancer_['W'].png
714,16520000 - Imlerith Sabbath.png,['W'],16520000 - Imlerith Sabbath_['W'].png
715,16530000 - Forager.png,['W'],16530000 - Forager_['W'].png
716,16540000 - Runeword.png,['W'],16540000 - Runeword_['W'].png
717,16550000 - Tempest.png,[],16550000 - Tempest_[].png
718,16560000 - Undying Thirst.png,['W'],16560000 - Undying Thirst_['W'].png
719,16570000 - Sangreal (Lyrian Merlot).png,['W'],16570000 - Sangreal (Lyrian Merlot)_['W'].png
720,16580000 - Quen Sign.png,['W'],16580000 - Quen Sign_['W'].png
721,16590000 - Skulls.png,"['W', 'R']","16590000 - Skulls_['W', 'R'].png"
722,16600000 - Plumard.png,['G'],16600000 - Plumard_['G'].png
723,16610000 - Garkain (Reckless Vampire).png,['W'],16610000 - Garkain (Reckless Vampire)_['W'].png
724,16620000 - Infantry Deserters.png,['W'],16620000 - Infantry Deserters_['W'].png
725,16630000 - Unknown.png,['W'],16630000 - Unknown_['W'].png
726,16640000 - Fallen Soldiers.png,['W'],16640000 - Fallen Soldiers_['W'].png
727,16650000 - Svalblod.png,['W'],16650000 - Svalblod_['W'].png
728,16660000 - Knut the Callous.png,['W'],16660000 - Knut the Callous_['W'].png
729,16670000 - Svalblod Totem.png,['W'],16670000 - Svalblod Totem_['W'].png
730,16680000 - Artis.png,['W'],16680000 - Artis_['W'].png
731,16690000 - Vildkaarl.png,['W'],16690000 - Vildkaarl_['W'].png
732,16700000 - Arnvald.png,['R'],16700000 - Arnvald_['R'].png
733,16710000 - Sigvald.png,['W'],16710000 - Sigvald_['W'].png
734,16730000 - Svalblod Fanatic.png,['W'],16730000 - Svalblod Fanatic_['W'].png
735,16740000 - Corrupted Flaminica.png,['W'],16740000 - Corrupted Flaminica_['W'].png
736,16110000 - Kiyan.png,['W'],16110000 - Kiyan_['W'].png
737,16120000 - Giant Boar.png,['W'],16120000 - Giant Boar_['W'].png
738,16130000 - Kaedweni Revenant.png,[],16130000 - Kaedweni Revenant_[].png
739,16140000 - Cursed Knight.png,['U'],16140000 - Cursed Knight_['U'].png
740,16150000 - Ciri Nova.png,[],16150000 - Ciri Nova_[].png
741,16160000 - Tormented Mage.png,[],16160000 - Tormented Mage_[].png
742,16170000 - Damned Sorceress.png,"['U', 'G']","16170000 - Damned Sorceress_['U', 'G'].png"
743,16180000 - Doppler.png,['W'],16180000 - Doppler_['W'].png
744,16190000 - Sihil.png,['U'],16190000 - Sihil_['U'].png
745,16200000 - Vandergrift_s Blade.png,['W'],16200000 - Vandergrift_s Blade_['W'].png
746,16210000 - Bekker_s Rockslide.png,[],16210000 - Bekker_s Rockslide_[].png
747,16220000 - Half-Elf Hunter.png,['W'],16220000 - Half-Elf Hunter_['W'].png
748,16230000 - Ornamental Sword.png,['W'],16230000 - Ornamental Sword_['W'].png
749,16240000 - Yoana.png,['W'],16240000 - Yoana_['W'].png
750,16250000 - Rock Barrage (Boulder).png,['W'],16250000 - Rock Barrage (Boulder)_['W'].png
751,16260000 - Sabrina_s Specter.png,['W'],16260000 - Sabrina_s Specter_['W'].png
752,16270000 - Winch.png,['W'],16270000 - Winch_['W'].png
753,16280000 - Watchman (Sentry).png,['W'],16280000 - Watchman (Sentry)_['W'].png
754,16290000 - Aedirnian Mauler.png,['W'],16290000 - Aedirnian Mauler_['W'].png
755,16300000 - Pavko Gale.png,['W'],16300000 - Pavko Gale_['W'].png
756,16310000 - Peasant Militia.png,['W'],16310000 - Peasant Militia_['W'].png
757,16320000 - Paulie Dahlberg.png,['W'],16320000 - Paulie Dahlberg_['W'].png
758,16330000 - Black Blood.png,[],16330000 - Black Blood_[].png
759,16340000 - Ozzrel (Alghoul).png,['W'],16340000 - Ozzrel (Alghoul)_['W'].png
760,16350000 - Barbegazi.png,['W'],16350000 - Barbegazi_['W'].png
761,16360000 - Shupe Mage.png,[],16360000 - Shupe Mage_[].png
762,16370000 - Shupe Hunter.png,['W'],16370000 - Shupe Hunter_['W'].png
763,16380000 - Shupe Knight.png,['W'],16380000 - Shupe Knight_['W'].png
764,16390000 - Arachas Queen.png,['W'],16390000 - Arachas Queen_['W'].png
765,16400000 - Golden Froth.png,['W'],16400000 - Golden Froth_['W'].png
766,16410000 - Geralt Professional (Midwinter Hunt).png,['W'],16410000 - Geralt Professional (Midwinter Hunt)_['W'].png
767,16420000 - Precipice.png,[],16420000 - Precipice_[].png
768,18310000 - Gernichora_s Fruit.png,['W'],18310000 - Gernichora_s Fruit_['W'].png
769,18320000 - Elven Deadeye.png,['W'],18320000 - Elven Deadeye_['W'].png
770,18340000 - Queen Calanthe.png,['W'],18340000 - Queen Calanthe_['W'].png
771,18350000 - Crimson Curse.png,['R'],18350000 - Crimson Curse_['R'].png
772,2waCsOX.jpg,['W'],2waCsOX_['W'].png
773,3fs95ai.jpg,['W'],3fs95ai_['W'].png
774,4AZJv0L.jpg,['W'],4AZJv0L_['W'].png
775,5PaFU1l.png,['W'],5PaFU1l_['W'].png
776,7BDxFrT.jpg,['W'],7BDxFrT_['W'].png
777,8IqZhVB.jpg,['W'],8IqZhVB_['W'].png
778,9q2r2Jg.jpg,"['W', 'R']","9q2r2Jg_['W', 'R'].png"
779,A0SeCvB.jpg,"['W', 'R']","A0SeCvB_['W', 'R'].png"
780,abandoned001 - Dun Banner (0.8.13).png,['W'],abandoned001 - Dun Banner (0_['W'].png
781,abandoned002 - Feast (0.8.13).png,['W'],abandoned002 - Feast (0_['W'].png
782,abandoned003 - Nilfgaardian Archer Support (0.8.13).png,['W'],abandoned003 - Nilfgaardian Archer Support (0_['W'].png
783,abandoned004 - Nilfgaardian Black Archer (0.8.13).png,['W'],abandoned004 - Nilfgaardian Black Archer (0_['W'].png
784,abandoned005 - Elven Skirmisher (Scoiatael) (0.8.13).png,['W'],abandoned005 - Elven Skirmisher (Scoiatael) (0_['W'].png
785,abandoned006 - Elven Skirmisher (Scoiatael) (0.8.13).png,['W'],abandoned006 - Elven Skirmisher (Scoiatael) (0_['W'].png
786,abandoned007 - Riordain (Scoiatael) (0.8.13).png,['W'],abandoned007 - Riordain (Scoiatael) (0_['W'].png
787,abandoned008 - Vrihedd Cadet (Scoiatael) (0.8.13).png,['W'],abandoned008 - Vrihedd Cadet (Scoiatael) (0_['W'].png
788,agFRkrE.jpg,['W'],agFRkrE_['W'].png
789,B5nSE0W.jpg,[],B5nSE0W_[].png
790,bqJAP9h.jpg,['U'],bqJAP9h_['U'].png
791,cGUHmwT.jpg,['W'],cGUHmwT_['W'].png
792,cleansing_by_drinke94_dc6974n-pre.png,['W'],cleansing_by_drinke94_dc6974n-pre_['W'].png
793,cVO0Ty8.png,['W'],cVO0Ty8_['W'].png
794,d8x16qg-3c1ba161-644f-4da7-bb9c-7e8a524b0d0d.jpg,['W'],d8x16qg-3c1ba161-644f-4da7-bb9c-7e8a524b0d0d_['W'].png
795,d94vqt7-c61e02ba-c36b-4e8b-96ae-4e102f792cda.jpg,[],d94vqt7-c61e02ba-c36b-4e8b-96ae-4e102f792cda_[].png
796,d97bcc4-431d0ec5-2e99-48f1-a8ce-886ff5254976.jpg,['W'],d97bcc4-431d0ec5-2e99-48f1-a8ce-886ff5254976_['W'].png
797,d97jek8-c9d20116-f232-4bc7-a4a8-8f8221439765.jpg,['W'],d97jek8-c9d20116-f232-4bc7-a4a8-8f8221439765_['W'].png
798,d98d3s3-e3d60c4e-b4e8-40a6-a30f-5ac14456e884.jpg,[],d98d3s3-e3d60c4e-b4e8-40a6-a30f-5ac14456e884_[].png
799,d98d42s-41da9386-5654-46af-ae6f-ad547417ad03.jpg,['W'],d98d42s-41da9386-5654-46af-ae6f-ad547417ad03_['W'].png
800,16750000 - Gregoire de Gorgon.png,['W'],16750000 - Gregoire de Gorgon_['W'].png
801,16760000 - Nekurat.png,"['W', 'R']","16760000 - Nekurat_['W', 'R'].png"
802,16770000 - Protofleder.png,['W'],16770000 - Protofleder_['W'].png
803,16780000 - Thaw.png,['W'],16780000 - Thaw_['W'].png
804,16790000 - Dryad Matron.png,[],16790000 - Dryad Matron_[].png
805,16800000 - Fisher King.png,['W'],16800000 - Fisher King_['W'].png
806,16810000 - Gael.png,['W'],16810000 - Gael_['W'].png
807,16820000 - Artorius Vigo.png,['W'],16820000 - Artorius Vigo_['W'].png
808,16830000 - Queen of the Night.png,['W'],16830000 - Queen of the Night_['W'].png
809,16840000 - Knickers.png,['W'],16840000 - Knickers_['W'].png
810,16850000 - Aedirnian Cavalry.png,"['W', 'R']","16850000 - Aedirnian Cavalry_['W', 'R'].png"
811,16860000 - Sandstorm.png,['W'],16860000 - Sandstorm_['W'].png
812,16870000 - Portal.png,['W'],16870000 - Portal_['W'].png
813,16880000 - Gimpy Gerwin.png,"['W', 'R']","16880000 - Gimpy Gerwin_['W', 'R'].png"
814,16890000 - Anna Strenger.png,['W'],16890000 - Anna Strenger_['W'].png
815,16900000 - Red Haze.png,['R'],16900000 - Red Haze_['R'].png
816,16910000 - Samum.png,"['W', 'R']","16910000 - Samum_['W', 'R'].png"
817,16920000 - Moon Dust.png,[],16920000 - Moon Dust_[].png
818,16930000 - Devil_s Puffball.png,['W'],16930000 - Devil_s Puffball_['W'].png
819,16940000 - Dancing Star.png,['W'],16940000 - Dancing Star_['W'].png
820,16950000 - Regis Bloodlust.png,[],16950000 - Regis Bloodlust_[].png
821,16960000 - Curse of Corruption.png,"['W', 'R']","16960000 - Curse of Corruption_['W', 'R'].png"
822,16970000 - Lady of the Lake.png,['G'],16970000 - Lady of the Lake_['G'].png
823,16980000 - Tesham Mutna Sword.png,['W'],16980000 - Tesham Mutna Sword_['W'].png
824,16990000 - Spring Equinox (Lyrian Hut).png,['W'],16990000 - Spring Equinox (Lyrian Hut)_['W'].png
825,17000000 - Musicians of Blaviken.png,[],17000000 - Musicians of Blaviken_[].png
826,17010000 - Land of a Thousand Fables.png,['W'],17010000 - Land of a Thousand Fables_['W'].png
827,17020000 - Hen Gaidth Sword.png,['R'],17020000 - Hen Gaidth Sword_['R'].png
828,17030000 - Phoenix Hatchling.png,"['W', 'R']","17030000 - Phoenix Hatchling_['W', 'R'].png"
829,17040000 - Damien de la Tour.png,['W'],17040000 - Damien de la Tour_['W'].png
830,17060000 - Roderick of Dun Tynne.png,['W'],17060000 - Roderick of Dun Tynne_['W'].png
831,17070000 - Queen Adalia.png,['W'],17070000 - Queen Adalia_['W'].png
832,djaevel_oedger_by_drinke94_dd74jig-pre.jpg,['W'],djaevel_oedger_by_drinke94_dd74jig-pre_['W'].png
833,fqvye5i.jpg,['W'],fqvye5i_['W'].png
834,ft2xFL6.jpg,['W'],ft2xFL6_['W'].png
835,gAYh636.jpg,['W'],gAYh636_['W'].png
836,gP2L9eX.png,['W'],gP2L9eX_['W'].png
837,hBFEgyE.jpg,['W'],hBFEgyE_['W'].png
838,hearth_of_persia___boss_battle_illustration_by_drinke94_dd7c2s9-pre.jpg,['W'],hearth_of_persia___boss_battle_illustration_by_drinke94_dd7c2s9-pre_['W'].png
839,henfrey_the_thorn_farmer_by_drinke94_dd76qh5-fullview.jpg,['W'],henfrey_the_thorn_farmer_by_drinke94_dd76qh5-fullview_['W'].png
840,hzpiW0j.png,['W'],hzpiW0j_['W'].png
841,itxel_mother_of_chee_zoos_by_drinke94_dd95xnt-pre.jpg,[],itxel_mother_of_chee_zoos_by_drinke94_dd95xnt-pre_[].png
842,iUHa7lW.jpg,['W'],iUHa7lW_['W'].png
843,Jacques de Aldersberg.jpg,['U'],Jacques de Aldersberg_['U'].png
844,jDA92IC.jpg,['R'],jDA92IC_['R'].png
845,JEiGqeX.jpg,['W'],JEiGqeX_['W'].png
846,kBKCzYu.png,['W'],kBKCzYu_['W'].png
847,kScjNAo.jpg,['W'],kScjNAo_['W'].png
848,kU1pDQj.jpg,['W'],kU1pDQj_['W'].png
849,lHhDZoY.jpg,['W'],lHhDZoY_['W'].png
850,LZALsgw.jpg,['W'],LZALsgw_['W'].png
851,mEAxoP0.jpg,[],mEAxoP0_[].png
852,MqEuaQi.jpg,"['W', 'R']","MqEuaQi_['W', 'R'].png"
853,mqRxICA.jpg,['W'],mqRxICA_['W'].png
854,MtQOfqt.png,['W'],MtQOfqt_['W'].png
855,NaYiM95.png,['W'],NaYiM95_['W'].png
856,nCVLoBq.jpg,['W'],nCVLoBq_['W'].png
857,NUYbsSG.jpg,['W'],NUYbsSG_['W'].png
858,NYQItMj.jpg,['W'],NYQItMj_['W'].png
859,OmHV88S.jpg,['W'],OmHV88S_['W'].png
860,opHKtiB.jpg,[],opHKtiB_[].png
861,oqCKwuW.png,['W'],oqCKwuW_['W'].png
862,Otkell.jpg,['W'],Otkell_['W'].png
863,pvYi7Lr.jpg,['W'],pvYi7Lr_['W'].png
864,17080000 - Angouleme.png,['W'],17080000 - Angouleme_['W'].png
865,17100000 - Cintrian Artificer.png,['U'],17100000 - Cintrian Artificer_['U'].png
866,17110000 - Cintrian Enchantress.png,['W'],17110000 - Cintrian Enchantress_['W'].png
867,17120000 - Cintrian Knight.png,['W'],17120000 - Cintrian Knight_['W'].png
868,17130000 - Cintrian Envoy.png,['W'],17130000 - Cintrian Envoy_['W'].png
869,17140000 - Cintrian Royal Guard.png,['W'],17140000 - Cintrian Royal Guard_['W'].png
870,17150000 - Cintrian Spellweaver (Professor Blastwave).png,['W'],17150000 - Cintrian Spellweaver (Professor Blastwave)_['W'].png
871,17160000 - Coodcoodak.png,['W'],17160000 - Coodcoodak_['W'].png
872,17170000 - King Roegner.png,['W'],17170000 - King Roegner_['W'].png
873,17180000 - Vissegerd.png,['W'],17180000 - Vissegerd_['W'].png
874,17190000 - Vysogota of Corvo.png,['W'],17190000 - Vysogota of Corvo_['W'].png
875,17200000 - Windhalm of Attre.png,['W'],17200000 - Windhalm of Attre_['W'].png
876,17210000 - Dana Mèadbh.png,[],17210000 - Dana Mèadbh_[].png
877,17220000 - Dryad Grovekeeper.png,['G'],17220000 - Dryad Grovekeeper_['G'].png
878,17240000 - Dryad_s Caress.png,[],17240000 - Dryad_s Caress_[].png
879,17250000 - Weeping Willow.png,['W'],17250000 - Weeping Willow_['W'].png
880,17260000 - Dark Alley.png,[],17260000 - Dark Alley_[].png
881,17310000 - Shadowy Silhouette.png,['W'],17310000 - Shadowy Silhouette_['W'].png
882,17320000 - Shadowy Silhouette.png,['W'],17320000 - Shadowy Silhouette_['W'].png
883,17460000 - Dryad Fledgling.png,['W'],17460000 - Dryad Fledgling_['W'].png
884,17660000 - Prince Anséis.png,['W'],17660000 - Prince Anséis_['W'].png
885,17700000 - Traveling Merchant.png,['W'],17700000 - Traveling Merchant_['W'].png
886,17710000 - Pellar.png,['W'],17710000 - Pellar_['W'].png
887,17720000 - Cutthroat.png,['W'],17720000 - Cutthroat_['W'].png
888,17730000 - Oxenfurt Scholar.png,['W'],17730000 - Oxenfurt Scholar_['W'].png
889,17740000 -  Svalblod Cultist (Priestess of Coram Agh Tera)(bugged leak).jpg,['W'],17740000 -  Svalblod Cultist (Priestess of Coram Agh Tera)(bugged leak)_['W'].png
890,17740000 - Svalblod Cultist (Priestess of Coram Agh Tera).png,['W'],17740000 - Svalblod Cultist (Priestess of Coram Agh Tera)_['W'].png
891,17750000 - Primal Svagery.png,['W'],17750000 - Primal Svagery_['W'].png
892,17760000 - Bear Abomination.png,['W'],17760000 - Bear Abomination_['W'].png
893,17770000 - Knighthood.png,['W'],17770000 - Knighthood_['W'].png
894,17780000 - Duchess_s Informant.png,['W'],17780000 - Duchess_s Informant_['W'].png
895,17790000 - Deafening Sirens.png,['W'],17790000 - Deafening Sirens_['W'].png
896,pxEzw07.jpg,['W'],pxEzw07_['W'].png
897,Q5VXc9T.png,['W'],Q5VXc9T_['W'].png
898,qSljHK0.jpg,[],qSljHK0_[].png
899,qv3EOo7.jpg,['W'],qv3EOo7_['W'].png
900,Rience.jpg,['W'],Rience_['W'].png
901,RIpL9v2.jpg,['W'],RIpL9v2_['W'].png
902,S4gJ5v6.jpg,[],S4gJ5v6_[].png
903,sfczryR.jpg,['W'],sfczryR_['W'].png
904,siL3lMT.png,['W'],siL3lMT_['W'].png
905,swamp_troll_by_ewkn_ddafmfx-pre.jpg,['W'],swamp_troll_by_ewkn_ddafmfx-pre_['W'].png
906,TKFZmbr.jpg,['W'],TKFZmbr_['W'].png
907,Tq3nE1Y.jpg,['W'],Tq3nE1Y_['W'].png
908,tRCfASr.jpg,[],tRCfASr_[].png
909,TvDPReW.jpg,['W'],TvDPReW_['W'].png
910,Tyr.jpg,['W'],Tyr_['W'].png
911,v4FL0TU.jpg,['W'],v4FL0TU_['W'].png
912,v4iuFNB.jpg,['W'],v4iuFNB_['W'].png
913,veb8unm.jpg,['W'],veb8unm_['W'].png
914,vesna__slavic_goddess_of_spring_and_fertility_by_drinke94_dbammap-fullview.jpg,['W'],vesna__slavic_goddess_of_spring_and_fertility_by_drinke94_dbammap-fullview_['W'].png
915,vVUPzFK.jpg,[],vVUPzFK_[].png
916,warplan_by_drinke94_dbbiukc-fullview.jpg,['W'],warplan_by_drinke94_dbbiukc-fullview_['W'].png
917,XJmRmd6.jpg,['W'],XJmRmd6_['W'].png
918,xNf9kB9.jpg,['W'],xNf9kB9_['W'].png
